x_values,y_values
0.0,0.055809069279540914
14.70000000000031,0.06044829732509103
29.40000000000062,0.07080465229504707
44.0999999999992,0.09365070284044602
58.80000000000124,0.1399049483293327
73.5,0.20436077735552546
88.1999999999984,0.3074487597140155
102.899999999998,0.3617241332674999
117.60000000000248,0.37690333381199437
132.29999999999953,0.3609533057457063
147.0,0.3374028007723718
161.70000000000215,0.326699364455706
176.3999999999968,0.29349879045237054
191.10000000000335,0.2788553105003182
205.799999999996,0.2529017423904799
220.5,0.2650185593329911
235.20000000000496,0.22746558160723898
249.89999999999992,0.23135642273841467
264.59999999999906,0.1931698294479006
279.29999999999416,0.1811814864527809
294.0,0.18596081013494542
308.7000000000062,0.18592380107027184
323.4000000000043,0.18940772349735502
338.0999999999951,0.17411272502138367
352.7999999999936,0.15966343475310732
367.5,0.1685575404287239
382.2000000000067,0.1323740652439025
396.9000000000075,0.12640893001628237
411.599999999992,0.12253334346605708
426.2999999999944,0.10827554920277811
441.0,0.14494755683347996
455.70000000000346,0.09841741104109063
470.4000000000099,0.10406618351210735
485.0999999999898,0.11273987755058941
499.79999999999984,0.12662196050310004
514.5,0.10941291405562104
529.1999999999981,0.10959333375213223
543.9000000000117,0.09741754633094349
558.5999999999883,0.10609652061777002
573.3000000000047,0.08068584323889486
588.0,0.10349742096322838
602.6999999999937,0.07750985545884373
617.4000000000124,0.09754106653014784
632.0999999999875,0.08193516976070839
646.8000000000086,0.08589396747331804
661.5,0.12453741786445552
676.1999999999902,0.07471095716602573
690.9000000000128,0.0829006503914953
705.5999999999872,0.07983943404058226
720.300000000012,0.0681739051993301
735.0,0.1085899202135289
749.6999999999869,0.08726976104098384
764.4000000000134,0.0691069793783481
779.0999999999866,0.08676106400312061
793.800000000015,0.07225843523689289
808.5,0.06202252249931295
823.199999999984,0.07979687316260396
837.900000000012,0.0769720140532696
852.5999999999888,0.059943346965829744
867.3000000000175,0.07429886301252867
882.0,0.10685440018235595
896.6999999999816,0.0651613424953152
911.4000000000069,0.05838419323212687
926.099999999994,0.07252805274786166
940.8000000000198,0.06665057562960117
955.5,0.052815289794031786
970.1999999999796,0.060772705648237446
984.9000000000012,0.10470868328999497
999.5999999999997,0.07353413982366053
1014.3000000000214,0.05426831947745471
1029.0,0.05792324326478336
1043.6999999999775,0.08420183479408948
1058.3999999999962,0.06435700648160561
1073.1000000000047,0.050454872512169215
1087.8000000000234,0.052455110091298454
1102.5,0.07430878662765068
1117.1999999999764,0.06433491050311925
1131.8999999999917,0.045876370406303726
1146.6000000000095,0.04511852774843671
1161.3000000000238,0.052621944737234416
1176.0,0.06915923145850261
1190.699999999976,0.04714419288445016
1205.3999999999874,0.04330045343354278
1220.1000000000136,0.046099787401507906
1234.8000000000247,0.06098448397452172
1249.5,0.06622871537904035
1264.199999999975,0.04571873448157747
1278.8999999999837,0.0413700110479597
1293.6000000000172,0.04724333651961067
1308.3000000000252,0.07205551832994424
1323.0,0.08721090346157083
1337.6999999999746,0.05189827152527415
1352.3999999999803,0.04188106620355457
1367.1000000000208,0.04038651460330446
1381.8000000000254,0.04635548391393505
1396.5,0.06177316489825596
1411.1999999999744,0.046130766733271655
1425.8999999999764,0.03784718993313879
1440.600000000024,0.03716546159781291
1455.300000000026,0.04280689684821117
1470.0,0.06788625647541145
1484.6999999999734,0.07979727032991324
1499.3999999999737,0.04822787433931315
1514.1000000000272,0.039269146355176046
1528.8000000000268,0.03822923481664046
1543.5,0.04372683953023087
1558.1999999999732,0.05445468999050986
1572.8999999999705,0.061374862893863825
1587.60000000003,0.041016670080869386
1602.300000000026,0.03387056870860074
1617.0,0.03334597114068822
1631.6999999999748,0.03827691950414991
1646.399999999968,0.051077633488381194
1661.1000000000324,0.06374721486337678
1675.800000000024,0.04861814410587355
1690.5,0.038057478443353325
1705.1999999999775,0.034712517962650145
1719.8999999999658,0.03665180435425497
1734.600000000035,0.043142781518885336
1749.30000000002,0.0624215078513188
1764.0,0.07430465377150253
1778.6999999999819,0.04698502779412135
1793.3999999999633,0.03647648539752669
1808.1000000000372,0.03445846799706657
1822.8000000000138,0.03493702533792853
1837.5,0.03879158544618329
1852.1999999999884,0.048883278049159574
1866.8999999999608,0.05294655773509309
1881.6000000000397,0.0418829876013881
1896.300000000008,0.035646061720108854
1911.0,0.03397637151137135
1925.699999999994,0.03334529227383291
1940.3999999999592,0.03813696260897961
1955.100000000041,0.04899550292610958
1969.8000000000025,0.07620811102331446
1984.5,0.07046218833804123
1999.199999999999,0.04464298380095624
2013.8999999999573,0.03517173716810314
2028.6000000000429,0.03350274420543219
2043.2999999999975,0.032905419124485386
2058.0,0.036887838686293244
2072.7000000000044,0.045054263702219106
2087.399999999955,0.06095653387416892
2102.100000000045,0.05495859366426239
2116.799999999992,0.03767103592005277
2131.5,0.0324559806069866
2146.2000000000094,0.03200927208833318
2160.8999999999533,0.032202105638175396
2175.6000000000467,0.03512713592349146
2190.2999999999874,0.04167884053549568
2205.0,0.05370694384088045
2219.7000000000144,0.05973360966351575
2234.3999999999533,0.04447344760965165
2249.1000000000467,0.03437236274334376
2263.7999999999834,0.030691823347204366
2278.5,0.028705785316147085
2293.200000000019,0.030014623471075075
2307.8999999999523,0.031892436915197234
2322.6000000000477,0.03291768925778095
2337.299999999979,0.043246420881864985
2352.0,0.04988209199303646
2366.7000000000226,0.03689388608659515
2381.3999999999514,0.029218935260305327
2396.1000000000486,0.027925824435462543
2410.7999999999747,0.028335936065911588
2425.5,0.02827118534255773
2440.200000000027,0.02991804706052134
2454.8999999999505,0.033429556674395254
2469.6000000000495,0.04081256164973623
2484.299999999971,0.04732573238173939
2499.0,0.04363899431681284
2513.7000000000303,0.033885066216585394
2528.3999999999496,0.030480303256916495
2543.10000000005,0.02833177265080842
2557.7999999999674,0.026928159927548545
2572.5,0.02774511647792255
2587.2000000000344,0.03042187895152364
2601.8999999999496,0.03435700641665686
2616.6000000000504,0.044724228098608015
2631.299999999964,0.05972182148939337
2646.0,0.05655391770223829
2660.700000000038,0.03741550248469475
2675.399999999949,0.028864237931063165
2690.1000000000504,0.026367038169007574
2704.79999999996,0.02591965013510038
2719.5,0.025598911994257456
2734.2000000000417,0.025325855325219148
2748.8999999999487,0.0267752564511047
2763.6000000000513,0.02923453417912634
2778.2999999999565,0.035537272020302955
2793.0,0.04009354305354704
2807.7000000000453,0.035388387587851955
2822.3999999999487,0.02775513649450225
2837.1000000000518,0.026576988272409417
2851.7999999999533,0.02705602228268309
2866.5,0.0265162471201489
2881.2000000000485,0.025887586874823905
2895.899999999948,0.025889996891516758
2910.600000000052,0.02735427742097186
2925.2999999999497,0.03193979641263196
2940.0,0.04233367250743168
2954.7000000000517,0.05320958481759898
2969.3999999999473,0.05121380778431141
2984.100000000053,0.03698157973654629
2998.7999999999474,0.02897892512978737
3013.5,0.026222937221476995
3028.2000000000544,0.024775280872121424
3042.8999999999464,0.023879429398504928
3057.6000000000536,0.0244430306251179
3072.299999999944,0.026372709996499634
3087.0,0.028356248186076766
3101.7000000000576,0.029026771305079736
3116.3999999999464,0.03401712264802077
3131.100000000053,0.0412134127287143
3145.799999999941,0.03994484386777129
3160.5,0.030387152724016632
3175.20000000006,0.02497708962321476
3189.8999999999473,0.02360146188634609
3204.600000000052,0.023535508591275053
3219.299999999939,0.02231493816769981
3234.0,0.021881238205027232
3248.7000000000626,0.02240984605281774
3263.3999999999496,0.024319072201998148
3278.1000000000495,0.029582484143183964
3292.799999999936,0.035038880328807476
3307.5,0.040370850081733786
3322.200000000065,0.04130018393591328
3336.899999999952,0.03636789186764479
3351.600000000048,0.02857113530792287
3366.299999999933,0.025938162882746585
3381.0,0.025761055449727205
3395.7000000000676,0.024362363898158
3410.399999999955,0.023328030683512475
3425.1000000000445,0.02270211690818501
3439.7999999999315,0.024296980901943172
3454.5,0.026926288760959666
3469.20000000007,0.02784079315220429
3483.899999999959,0.02972117466939756
3498.60000000004,0.039315724740719954
3513.2999999999292,0.04497111822204728
3528.0,0.044781516559329264
3542.7000000000726,0.03374749280595756
3557.3999999999637,0.026955003822585782
3572.100000000035,0.024544686291877983
3586.7999999999265,0.023272544054776457
3601.5,0.023079994795638634
3616.2000000000744,0.02272817679998531
3630.89999999997,0.023194872593942758
3645.6000000000276,0.023380842261058816
3660.2999999999242,0.025435814522041123
3675.0,0.027295947891731266
3689.700000000077,0.03011506799240795
3704.399999999976,0.03294604581990418
3719.100000000023,0.033602502249201485
3733.7999999999215,0.035532121946765104
3748.5,0.030402889786107758
3763.2000000000794,0.025799447185853475
3777.8999999999824,0.023417284395281953
3792.600000000016,0.02262376875999955
3807.29999999992,0.022220891801262375
3822.0,0.02165611256550659
3836.7000000000808,0.02219380360493193
3851.399999999988,0.022591055594844412
3866.1000000000117,0.023215703629158486
3880.7999999999183,0.02457556137306844
3895.5,0.025917035071935962
3910.200000000082,0.027824408015042896
3924.8999999999933,0.03483241613849063
3939.600000000005,0.042288937267684686
3954.299999999917,0.04836441092044627
3969.0,0.03966796011740149
3983.7000000000844,0.030863350725904654
3998.399999999998,0.026089906528344954
4013.100000000001,0.023557730982029575
4027.7999999999147,0.022586765487055457
4042.5,0.022571573541720423
4057.2000000000858,0.022212298999514702
4071.900000000004,0.022562450193763454
4086.599999999995,0.02246067418662305
4101.299999999914,0.022786507328137817
4116.0,0.02433618360115774
4130.700000000089,0.024922581071502317
4145.400000000009,0.026130113251200952
4160.09999999999,0.029736640723200897
4174.79999999991,0.0337548192637096
4189.5,0.03689524157266107
4204.20000000009,0.029605021239142305
4218.900000000014,0.024582722266399716
4233.599999999985,0.02162208252152683
4248.299999999908,0.02126741361675568
4263.0,0.020929439749929543
4277.700000000092,0.020805660530247395
4292.400000000019,0.02045307143599765
4307.09999999998,0.020159343305219228
4321.7999999999065,0.01999798917694505
4336.5,0.020203988039333397
4351.2000000000935,0.021798870414945794
4365.900000000024,0.02344632986345139
4380.599999999975,0.027986141939209487
4395.2999999999065,0.029837058185835357
4410.0,0.03473132342788971
4424.7000000000935,0.037806395447881044
4439.400000000029,0.039612532211314846
4454.099999999971,0.03312601002494637
4468.7999999999065,0.027655672032948542
4483.5,0.023585113249652893
4498.2000000000935,0.021965443772251854
4512.900000000033,0.021513478651896144
4527.599999999967,0.020684069912379893
4542.299999999906,0.02035503034101329
4557.0,0.020203771557948207
4571.700000000095,0.020420737815516475
4586.400000000038,0.02285459643427596
4601.099999999962,0.023833852360984984
4615.799999999906,0.024723806605624336
4630.5,0.024140110846385898
4645.200000000095,0.023445608431354615
4659.90000000004,0.024901826961331603
4674.599999999958,0.02786497863540361
4689.299999999905,0.031240265058271433
4704.0,0.03341949377479119
4718.700000000097,0.028170404351022915
4733.400000000045,0.024520129955081113
4748.099999999953,0.022290308932324886
4762.799999999904,0.021435951595217044
4777.5,0.02050119101237844
4792.200000000097,0.021324543395979053
4806.90000000005,0.02128879195114205
4821.599999999949,0.021277226731235617
4836.299999999903,0.021084705735051886
4851.0,0.021180313893105606
4865.700000000097,0.021679637894738264
4880.400000000054,0.02192119901546516
4895.099999999946,0.02370332928736032
4909.799999999901,0.024864583015866935
4924.5,0.026802484170417994
4939.200000000099,0.029372046646387782
4953.900000000058,0.029511986903121984
4968.599999999942,0.030869335304338257
4983.299999999901,0.03186000679047509
4998.0,0.028408908844652293
5012.700000000099,0.026039209588396794
5027.400000000061,0.023520765980496336
5042.0999999999385,0.02175162249874198
5056.799999999901,0.023020763912349758
5071.5,0.022762308896530286
5086.2000000001,0.021163238365972684
5100.900000000064,0.02098536984325463
5115.599999999935,0.02124024301878488
5130.299999999899,0.020974076363394524
5145.0,0.021126453500154557
5159.700000000101,0.022508634934203246
5174.400000000069,0.02418760715806479
5189.099999999931,0.02482235610395075
5203.799999999899,0.02475714452650741
5218.5,0.025529920666940976
5233.200000000101,0.028021993766799036
5247.900000000072,0.03134649991030758
5262.599999999928,0.035084922308032854
5277.299999999899,0.037156290514217004
5292.0,0.032326058057174145
5306.700000000101,0.0282954580732799
5321.400000000076,0.023564507913684224
5336.099999999924,0.021365411414434717
5350.799999999898,0.019856362352806675
5365.5,0.019416251637865218
5380.200000000102,0.01939364984428358
5394.900000000079,0.019400357640515037
5409.599999999921,0.019658395718017606
5424.299999999897,0.019636089750039634
5439.0,0.019886489723787894
5453.700000000103,0.019921365881383893
5468.400000000083,0.02039999879728983
5483.099999999916,0.020319259873129485
5497.799999999897,0.021624627308029918
5512.5,0.023078408703031496
5527.200000000103,0.024346603480914518
5541.900000000086,0.024473682179631626
5556.599999999913,0.024400300857394176
5571.299999999897,0.025785919007171965
5586.0,0.027379619781061078
5600.7000000001035,0.026491644602021254
5615.400000000091,0.026105038979351358
5630.099999999909,0.02338856747595199
5644.799999999897,0.021193108433830262
5659.5,0.0206534729519891
5674.2000000001035,0.0206778834738295
5688.900000000092,0.020933260625417692
5703.599999999907,0.02140106302445666
5718.299999999896,0.022393976420105804
5733.0,0.022509756321386555
5747.700000000104,0.022523899635925174
5762.400000000098,0.023117234053463952
5777.099999999904,0.02196544998446919
5791.799999999896,0.022050017990288488
5806.5,0.02234460823379702
5821.200000000104,0.023152695886475175
5835.900000000101,0.02347037887452024
5850.599999999899,0.02466797326876637
5865.299999999895,0.025570910783836588
5880.0,0.02851476437106375
5894.700000000105,0.03173652266679282
5909.400000000103,0.03433808236947936
5924.099999999897,0.03830154751447882
5938.799999999894,0.03427692591530253
5953.5,0.030610463979421288
5968.200000000106,0.02587754398724884
5982.900000000105,0.022981964849286853
5997.599999999895,0.02164466499706278
6012.299999999894,0.02110807225259597
6027.0,0.0203828087095932
6041.700000000106,0.021125375160713628
6056.400000000107,0.02210507949221894
6071.099999999891,0.020752114206743673
6085.799999999893,0.01983980080765284
6100.5,0.020233172552996094
6115.200000000107,0.020099774129274325
6129.9000000001115,0.021455853583203822
6144.599999999888,0.021651303938876675
6159.299999999893,0.023312431177089903
6174.0,0.022712834348283837
6188.700000000107,0.02204374365528638
6203.400000000115,0.023125107025803456
6218.099999999885,0.025175170798163664
6232.799999999893,0.02541307000141878
6247.5,0.026790474481272208
6262.200000000106,0.02744031300649994
6276.900000000118,0.029689406350127158
6291.599999999882,0.027151930516551626
6306.299999999894,0.02575081812630598
6321.0,0.022731499603193844
6335.700000000106,0.020994159480671522
6350.40000000012,0.020126962164840372
6365.09999999988,0.019735917711754813
6379.799999999895,0.019431456948080097
6394.5,0.01929246362745232
6409.200000000104,0.019527524049994277
6423.900000000122,0.020511318656966235
6438.599999999878,0.02075383784537311
6453.299999999897,0.01937754404633086
6468.0,0.019688813650358447
6482.700000000102,0.019496086073423007
6497.400000000125,0.01964971698310419
6512.099999999874,0.020568617186012363
6526.799999999899,0.020844901746134938
6541.5,0.020901292770433247
6556.200000000099,0.022800919613502692
6570.900000000128,0.02422434439235644
6585.599999999873,0.024947915252005366
6600.299999999903,0.026087013677727595
6615.0,0.02688180875331393
6629.700000000097,0.028563987799297814
6644.40000000013,0.028798657581775067
6659.09999999987,0.028239145901044815
6673.799999999904,0.025323427382188023
6688.5,0.023901284014234084
6703.200000000096,0.021337308498822396
6717.900000000132,0.020246343550128873
6732.599999999866,0.019723877170863748
6747.299999999906,0.019231653238437917
6762.0,0.01927511105691478
6776.700000000092,0.01900345947493022
6791.400000000135,0.018940453007073862
6806.099999999865,0.019593580241344104
6820.79999999991,0.019443858645623216
6835.5,0.019611185146287728
6850.200000000089,0.019582672744214387
6864.900000000137,0.0198417282436749
6879.599999999863,0.020042966421849263
6894.299999999914,0.021505206455501365
6909.0,0.022462752480824418
6923.700000000086,0.023446017433094844
6938.40000000014,0.020960511544391932
6953.09999999986,0.02200369021186619
6967.799999999918,0.02240628576563019
6982.5,0.023382648599593603
6997.20000000008,0.024697828413158974
7011.9000000001415,0.02677524805076925
7026.5999999998585,0.02818591263058413
7041.299999999921,0.028402340376047174
7056.0,0.027018703167868446
7070.700000000075,0.024572065886453984
7085.400000000142,0.02288525992930448
7100.099999999858,0.020403406359121988
7114.799999999927,0.01939558926433661
7129.5,0.01861910239616007
7144.200000000072,0.018823089677968228
7158.900000000147,0.018437718146369093
7173.599999999853,0.018265605285607965
7188.299999999933,0.01902544436411723
7203.0,0.019599253024223003
7217.700000000064,0.020090491602693952
7232.400000000149,0.020594368373647427
7247.09999999985,0.01974476353858341
7261.79999999994,0.02071847672882267
7276.5,0.020461539787072592
7291.200000000055,0.01976926345268814
7305.90000000015,0.020463809213542645
7320.5999999998485,0.021084570559643287
7335.2999999999465,0.02183847917552232
7350.0,0.02160152686372062
7364.700000000051,0.02328531512966365
7379.400000000154,0.022406852487258874
7394.099999999846,0.02256861465070264
7408.799999999952,0.023522813862938544
7423.5,0.022876122683751554
7438.200000000046,0.02456095215338599
7452.900000000156,0.02383098727273183
7467.599999999843,0.025986107934360708
7482.2999999999565,0.024883157064892962
7497.0,0.023398474751774777
7511.700000000038,0.021959414372651465
7526.400000000159,0.021025171637143333
7541.099999999841,0.0207566494267295
7555.799999999965,0.020566938629995087
7570.5,0.019919168472088345
7585.200000000032,0.01969952187147921
7599.90000000016,0.0191449289191866
7614.59999999984,0.019100489210175663
7629.299999999969,0.01871674870197446
7644.0,0.019346008960699122
7658.700000000028,0.019583819023325018
7673.4000000001615,0.020086656625741918
7688.0999999998385,0.019710207187245955
7702.799999999976,0.019092864412063603
7717.5,0.019233275346708708
7732.2000000000235,0.02016573218989431
7746.900000000163,0.019188511202915138
7761.599999999837,0.019908682607453754
7776.299999999981,0.01997392039365807
7791.0,0.020670056010660912
7805.700000000017,0.021637683505049275
7820.400000000164,0.023029297854568163
7835.099999999836,0.023330552774496922
7849.7999999999865,0.024013100242782685
7864.5,0.02518778922221666
7879.20000000001,0.026862584707311465
7893.900000000166,0.0274485637449415
7908.599999999834,0.029506944242222603
7923.299999999991,0.027849547866326367
7938.0,0.026634518504018177
7952.700000000006,0.024584129137950127
7967.400000000167,0.022023462449498595
7982.099999999833,0.020242699943106953
7996.799999999996,0.02037866890270914
8011.5,0.018825791802959357
8026.200000000002,0.019021170973831308
8040.900000000171,0.019377340146839186
8055.599999999829,0.018662685300379078
8070.300000000003,0.01862750325948593
8085.0,0.01917821286592903
8099.699999999995,0.0198245873057575
8114.4000000001715,0.020206291864099023
8129.0999999998285,0.019615633243183987
8143.800000000008,0.020034245137729893
8158.5,0.020239006192266887
8173.19999999999,0.020087746020324454
8187.900000000173,0.019959384463478388
8202.599999999828,0.019965199871584467
8217.300000000012,0.021151533306118638
8232.0,0.02113397161489187
8246.699999999986,0.019785469841064378
8261.400000000178,0.02021986279276638
8276.099999999822,0.02028750271060772
8290.800000000017,0.019742666337565173
8305.5,0.02077483120463152
8320.199999999979,0.021364878756756467
8334.900000000178,0.022101942460327283
8349.59999999982,0.023687576343393704
8364.300000000023,0.023451305736154775
8379.0,0.023951177731463356
8393.699999999973,0.022826060952167788
8408.40000000018,0.021490190741125518
8423.09999999982,0.02099166006763811
8437.800000000028,0.020160189856018085
8452.5,0.01987981374851982
8467.19999999997,0.01917321375437215
8481.90000000018,0.01811969796051956
8496.599999999817,0.01755769044295321
8511.300000000034,0.017558909948247006
8526.0,0.01693440528672768
8540.699999999964,0.017239016938268455
8555.400000000183,0.017768472985999543
8570.099999999817,0.017648856583468993
8584.800000000036,0.01881267320150201
8599.5,0.017830873428921885
8614.19999999996,0.017286256899508207
8628.900000000183,0.01772436721268946
8643.599999999813,0.018697645720392748
8658.300000000043,0.018477115450351862
8673.0,0.018860789473294344
8687.699999999955,0.018002559809801612
8702.400000000187,0.0183046120504286
8717.099999999813,0.019607884828759043
8731.800000000048,0.019454855426139592
8746.5,0.01912109835830307
8761.19999999995,0.02052108514789343
8775.900000000187,0.02109498505788266
8790.599999999813,0.02100291425400593
8805.300000000052,0.02280375320971541
8820.0,0.022879580142980964
8834.699999999946,0.02424898488514455
8849.400000000187,0.024951562041070324
8864.099999999813,0.025052002898174174
8878.800000000057,0.026780062921572534
8893.5,0.025105663099509606
8908.199999999943,0.02350225657360012
8922.900000000187,0.022393360212507502
8937.599999999813,0.02078926475111668
8952.300000000061,0.020575289360107066
8967.0,0.01971304616893383
8981.699999999937,0.019374058944827764
8996.400000000187,0.018483926798603577
9011.099999999813,0.01786008960865414
9025.800000000065,0.018428355900414965
9040.5,0.01835430591459746
9055.199999999933,0.0189699677272733
9069.900000000189,0.018960798343305642
9084.599999999811,0.02031995651789218
9099.30000000007,0.019593961366788724
9114.0,0.01900374428883247
9128.699999999928,0.01858284395995568
9143.400000000189,0.018747352854192732
9158.099999999811,0.019760755604313306
9172.800000000074,0.02035783651567358
9187.5,0.01935537564228417
9202.199999999924,0.019049139114147722
9216.90000000019,0.019033927608831082
9231.59999999981,0.019046629389930684
9246.30000000008,0.0196578088654623
9261.0,0.019001342775079845
9275.69999999992,0.01957262112099124
9290.40000000019,0.018951134717956602
9305.09999999981,0.019225136935225717
9319.80000000008,0.01945835676940358
9334.5,0.019109404669893592
9349.199999999915,0.02091379850259781
9363.90000000019,0.021643831243185866
9378.59999999981,0.02239111447781407
9393.300000000087,0.023261967553248223
9408.0,0.023613867607105623
9422.699999999912,0.021873552239253188
9437.40000000019,0.021551964859569134
9452.09999999981,0.02195859898699738
9466.80000000009,0.019987865564117104
9481.5,0.019242591434242652
9496.199999999906,0.018849097962782453
9510.900000000194,0.018793961639956946
9525.599999999808,0.0182783348570632
9540.300000000094,0.018420805152722756
9555.0,0.01820436478929273
9569.699999999904,0.01912567604854768
9584.400000000194,0.01822806750554642
9599.099999999806,0.018515404619466644
9613.8000000001,0.01847595902872163
9628.5,0.021184981043957406
9643.1999999999,0.02059500214795717
9657.900000000194,0.019278262246920426
9672.599999999806,0.019737155120193965
9687.300000000103,0.019886315670921334
9702.0,0.019600606878246125
9716.699999999897,0.018596720679266425
9731.400000000194,0.01852953856921232
9746.099999999802,0.018858630249669644
9760.800000000108,0.018816528138747686
9775.5,0.018257859234309982
9790.199999999892,0.0189437952418813
9804.900000000198,0.01888583764040438
9819.599999999802,0.01921537947697431
9834.30000000011,0.019705914255464474
9849.0,0.01954008469081286
9863.69999999989,0.01956594390417144
9878.400000000198,0.02091659890988701
9893.099999999802,0.02019028607345162
9907.800000000116,0.02108614847971105
9922.5,0.022103083113403775
9937.199999999884,0.021944820143886913
9951.900000000198,0.023324221924550147
9966.599999999802,0.024075171117750385
9981.30000000012,0.02346758714626635
9996.0,0.021178887931091787
10010.69999999988,0.020672916760905765
10025.400000000198,0.020872069039357666
10040.099999999798,0.020104379841977812
10054.800000000121,0.019630664820331118
10069.5,0.017850246746703373
10084.199999999877,0.017596406661974602
10098.9000000002,0.017789002034200453
10113.5999999998,0.017142107235178068
10128.300000000125,0.017307200632955107
10143.0,0.017238066717070753
10157.699999999873,0.017051683243574624
10172.4000000002,0.01672542827281183
10187.0999999998,0.017079383739197766
10201.80000000013,0.017089731571266427
10216.5,0.016910654048576675
10231.19999999987,0.01666319989725914
10245.9000000002,0.017287406657274424
10260.599999999798,0.017182844538986285
10275.30000000013,0.017206269340603795
10290.0,0.016828014689963366
10304.699999999864,0.0173912878258133
10319.400000000202,0.019507304990423774
10334.099999999798,0.01942788459076172
10348.800000000138,0.01933103580729529
10363.5,0.019421223338948874
10378.19999999986,0.019328057994083457
10392.900000000202,0.019027850392259713
10407.599999999798,0.019108817571714988
10422.300000000141,0.019772036226286628
10437.0,0.019572286076141383
10451.699999999859,0.019729102372560654
10466.400000000202,0.02077067728907612
10481.099999999798,0.0210382831123577
10495.800000000145,0.020977831274970236
10510.5,0.022210928798471315
10525.199999999855,0.02268571712217108
10539.900000000202,0.022581666933129355
10554.599999999798,0.023174380507298288
10569.300000000148,0.023103379055304678
10584.0,0.021885602413217166
10598.699999999852,0.022161776169994162
10613.400000000202,0.02170016203397246
10628.099999999798,0.01984862891880964
10642.800000000152,0.019320722017723814
10657.5,0.01789748202538336
10672.199999999848,0.017956289833440196
10686.900000000202,0.01760947531754321
10701.599999999797,0.017147710331874795
10716.300000000156,0.016703435922069264
10731.0,0.017816132404780687
10745.699999999844,0.017620884716011462
10760.400000000203,0.01837909274922741
10775.099999999797,0.01719222639704534
10789.800000000158,0.017875779455763772
10804.5,0.018587788964970313
10819.199999999842,0.01742475240201938
10833.900000000205,0.01741465966256219
10848.599999999795,0.01709682609766883
10863.300000000161,0.017037200850470287
10878.0,0.018255904224408565
10892.699999999839,0.01677334609099685
10907.400000000205,0.016756514931229316
10922.099999999795,0.01709807151256685
10936.800000000167,0.01815583155194829
10951.5,0.01677058732456186
10966.199999999832,0.016829791485511496
10980.900000000205,0.017678292258898314
10995.599999999795,0.018593628656117762
11010.30000000017,0.01956059523846073
11025.0,0.019416363135772358
11039.699999999828,0.019445574025659988
11054.400000000205,0.01955879170085344
11069.099999999795,0.019241777722866362
11083.800000000174,0.018803012541694704
11098.5,0.01939268960924278
11113.199999999826,0.01921167933316354
11127.900000000205,0.018708089701905694
11142.599999999795,0.01857304274801188
11157.300000000174,0.018815729905373044
11172.0,0.01832513851731783
11186.69999999982,0.0189012734035444
11201.400000000207,0.019119479848676745
11216.099999999795,0.019147145810795276
11230.800000000181,0.01972660620980098
11245.5,0.017994385846181363
11260.199999999819,0.01803158176961009
11274.900000000205,0.01784578314312476
11289.599999999795,0.017655386134780453
11304.300000000181,0.017974124495570405
11319.0,0.016511478760249016
11333.699999999815,0.01586142099363661
11348.400000000207,0.01630063469482087
11363.099999999793,0.016693428018728224
11377.800000000185,0.016693185102433707
11392.5,0.017413574898798436
11407.199999999815,0.01733644923939239
11421.900000000205,0.017177160223281984
11436.599999999791,0.016199501337369852
11451.300000000188,0.016201164580744817
11466.0,0.017116432486199887
11480.69999999981,0.0168188797719092
11495.400000000209,0.017050395840649626
11510.099999999791,0.017468262333791253
11524.800000000196,0.016304221955880077
11539.5,0.01672233982725887
11554.199999999804,0.016440024786331525
11568.900000000209,0.0164595882759883
11583.599999999791,0.018182140445878923
11598.300000000196,0.01680755827445596
11613.0,0.01638547949802418
11627.6999999998,0.017716453301526446
11642.400000000209,0.0184287225748856
11657.099999999791,0.018451072291228873
11671.800000000201,0.01841967585186833
11686.5,0.017657391400527887
11701.199999999799,0.017023338212092155
11715.900000000209,0.017715084603885392
11730.59999999979,0.01893893395558182
11745.300000000203,0.018615862681517326
11760.0,0.01814381179031931
11774.699999999797,0.01893216171700917
11789.40000000021,0.019852965966229534
11804.09999999979,0.02138219993448712
11818.800000000207,0.02179291590498856
11833.5,0.021057196774913123
11848.199999999792,0.02223257489689417
11862.900000000212,0.02216904939981474
11877.599999999788,0.02112977347810886
11892.300000000208,0.019647858086761748
11907.0,0.02012755372291754
11921.699999999792,0.01874694611739815
11936.400000000212,0.018053321725101407
11951.099999999788,0.01701625258395069
11965.80000000021,0.016117623154586407
11980.5,0.016050635063780773
11995.19999999979,0.016184735755397063
12009.900000000212,0.01598830987891333
12024.599999999788,0.015799417351540744
12039.300000000214,0.016130241448643588
12054.0,0.016340756582760078
12068.699999999786,0.016560842304341634
12083.400000000212,0.01710739747247946
12098.099999999788,0.017201350470920133
12112.800000000214,0.01650115152037556
12127.5,0.016843944918473595
12142.199999999782,0.016617883745263316
12156.900000000214,0.017183137052954236
12171.599999999786,0.017623064955867344
12186.300000000218,0.01829143177888772
12201.0,0.017598900814553772
12215.699999999777,0.016773962055878673
12230.400000000214,0.01571905383646234
12245.099999999786,0.01526635883052512
12259.800000000223,0.015501611018009728
12274.5,0.01619088810932297
12289.199999999775,0.015974765408534305
12303.900000000214,0.01602993434430704
12318.599999999786,0.017266449084216543
12333.300000000227,0.01786375285888977
12348.0,0.016872978936037446
12362.699999999772,0.015842830757610234
12377.400000000212,0.016739973021473155
12392.099999999788,0.017242177153039426
12406.80000000023,0.017389078482552507
12421.5,0.016539132426109417
12436.19999999977,0.0173719853753389
12450.900000000214,0.017773269301640273
12465.599999999786,0.01867409376201632
12480.300000000232,0.018566723867777433
12495.0,0.01793074186807978
12509.699999999768,0.01942945131692115
12524.400000000212,0.019329128635223413
12539.099999999788,0.01875414367953581
12553.800000000236,0.018588818936722356
12568.5,0.018413999526942428
12583.199999999764,0.017321095878017286
12597.900000000214,0.016716165134204146
12612.599999999788,0.017223806256266884
12627.300000000236,0.01712838189634292
12642.0,0.017674174927237534
12656.699999999762,0.01775011283145215
12671.400000000212,0.01575611520199511
12686.099999999788,0.01532225361034365
12700.80000000024,0.015083100820080655
12715.5,0.015363221209957931
12730.19999999976,0.015778638574050284
12744.900000000209,0.015814542201293833
12759.59999999979,0.015947553843491398
12774.300000000241,0.015339979154993003
12789.0,0.015857017352508503
12803.699999999755,0.015793976213936564
12818.400000000209,0.015563177913773568
12833.099999999791,0.015983032448651225
12847.800000000245,0.017247641433838213
12862.5,0.01723710538180783
12877.199999999755,0.016957704311090973
12891.900000000205,0.016691817077466677
12906.599999999795,0.01852161927560458
12921.300000000247,0.01886967020173821
12936.0,0.017515099966274324
12950.699999999753,0.01662591401806731
12965.400000000203,0.015756280888882094
12980.099999999797,0.015322829280804254
12994.80000000025,0.015362574007985658
13009.5,0.015239251222706455
13024.199999999748,0.014521550153035809
13038.900000000202,0.014896487207733766
13053.599999999798,0.015001278247268875
13068.300000000252,0.015164554635290053
13083.0,0.016450317981779917
13097.699999999746,0.01618379180691003
13112.400000000198,0.017234668925050965
13127.099999999802,0.016812467507452546
13141.800000000256,0.016912012342422126
13156.5,0.017226797953762103
13171.199999999744,0.018262517622974657
13185.900000000198,0.018855243278621835
13200.599999999806,0.018571665969713602
13215.300000000256,0.017447399330030366
13230.0,0.017232951226679987
13244.69999999974,0.017384844004228267
13259.400000000194,0.018259295142781972
13274.099999999806,0.019029139287659803
13288.80000000026,0.02004083148724207
13303.5,0.018945595530319034
13318.199999999739,0.018427454403651473
13332.900000000192,0.01868863414709543
13347.599999999808,0.01818041295030589
13362.300000000261,0.01795384099099136
13377.0,0.017516112283674133
13391.699999999739,0.017155383832247482
13406.400000000189,0.01616399372519266
13421.099999999811,0.01575071658006994
13435.800000000265,0.015021080775097445
13450.5,0.01490643609666415
13465.199999999732,0.014388646535288974
13479.900000000187,0.01468823344117634
13494.599999999811,0.015039791662530246
13509.300000000268,0.014909227146726014
13524.0,0.015278899469643361
13538.699999999732,0.015565688726386534
13553.400000000183,0.015477676719312725
13568.099999999817,0.01588299977280623
13582.80000000027,0.016223384215611786
13597.5,0.01644779637646673
13612.19999999973,0.01633453814258745
13626.90000000018,0.015660263689588512
13641.59999999982,0.01653382846662394
13656.300000000274,0.016326895752888686
13671.0,0.018251286779578577
13685.699999999726,0.019017278173503602
13700.400000000178,0.018876500025106418
13715.099999999822,0.017469963208074805
13729.800000000274,0.016264485256399473
13744.5,0.015763093982468827
13759.199999999726,0.01615203140073882
13773.900000000174,0.016085738514816046
13788.599999999828,0.015720374543707494
13803.300000000276,0.0158497212833936
13818.0,0.01713113792907319
13832.699999999724,0.016710930671861
13847.400000000172,0.01669443403816697
13862.099999999828,0.015180205400654479
13876.80000000028,0.015653418951287277
13891.5,0.015216146891230931
13906.19999999972,0.01465000631471101
13920.900000000165,0.014743151589345365
13935.599999999837,0.0146179343598021
13950.30000000028,0.014529651536735225
13965.0,0.014454468356182823
13979.699999999717,0.01517736838048488
13994.40000000016,0.015770323607469057
14009.09999999984,0.0157089867603998
14023.800000000283,0.016187576136705066
14038.5,0.016927591614082933
14053.199999999717,0.016578148096466717
14067.900000000158,0.01731223316921031
14082.599999999842,0.01768785747667093
14097.300000000285,0.01769729619032041
14112.0,0.016456881419030088
14126.699999999715,0.016170133248687157
14141.40000000015,0.016763305397961382
14156.09999999985,0.016497122653950275
14170.80000000029,0.01600136195906753
14185.5,0.015406723722912147
14200.19999999971,0.0146278997617578
14214.900000000145,0.014394592751317126
14229.599999999855,0.014635815183301648
14244.30000000029,0.014070571761396233
14259.0,0.013518329978659382
14273.699999999706,0.013535174896493488
14288.400000000143,0.01388226130807407
14303.09999999986,0.014008572927850418
14317.800000000294,0.014500241655645934
14332.5,0.014460446805316007
14347.199999999706,0.015139159303307032
14361.900000000136,0.014607470301368577
14376.599999999866,0.015369337912711497
14391.300000000298,0.01666746940340249
14406.0,0.01738288389230264
14420.699999999702,0.01649653082896449
14435.400000000129,0.0159167308105428
14450.099999999875,0.014914649744592773
14464.800000000298,0.014668567889321254
14479.5,0.01428640507450728
14494.1999999997,0.014425323502776654
14508.90000000012,0.014504738670987338
14523.59999999988,0.014010622129967742
14538.3000000003,0.013916296430038597
14553.0,0.014381643357358828
14567.699999999702,0.014679057334738033
14582.40000000011,0.015257344714919236
14597.09999999989,0.014102279855878747
14611.8000000003,0.013576702570937372
14626.5,0.013803802094235951
14641.199999999697,0.014480681099554771
14655.900000000105,0.01409773396162596
14670.599999999893,0.01397766569867041
14685.300000000303,0.013960289341382806
14700.0,0.014183554437014
14714.699999999691,0.014463543335272555
14729.400000000101,0.01454105816340622
14744.099999999899,0.014552041250357495
14758.800000000309,0.014449066200537264
14773.5,0.014474668218468401
14788.199999999691,0.015112281973298766
14802.900000000096,0.015552264421954726
14817.599999999904,0.015451299933438365
14832.300000000312,0.015265366274793527
14847.0,0.014638020237331881
14861.699999999688,0.014638882121556196
14876.400000000092,0.015306055350534305
14891.09999999991,0.015557938619700493
14905.800000000312,0.01544921104985881
14920.5,0.015715972706102015
14935.199999999686,0.016464120135208166
14949.900000000087,0.016030871653763216
14964.599999999913,0.0165895291195099
14979.300000000314,0.01944432847389442
14994.0,0.019958311907333666
15008.699999999686,0.01763370631684247
15023.400000000076,0.01619961425385277
15038.099999999924,0.016013136705614113
15052.800000000318,0.015080398240719706
15067.5,0.015276028656741913
15082.199999999682,0.014802382985959553
15096.90000000007,0.014061209220854628
15111.59999999993,0.014427687022912014
15126.300000000318,0.01374445880402152
15141.0,0.013426579742556555
15155.69999999968,0.013831744658251233
15170.400000000063,0.014358263800245154
15185.099999999937,0.014888862366467154
15199.80000000032,0.014579130805217111
15214.5,0.014406189796704225
15229.19999999968,0.013965806433416597
15243.900000000061,0.013903910495604513
15258.599999999939,0.014444900016400886
15273.300000000323,0.014737813218844587
15288.0,0.013676770653295539
15302.699999999677,0.013275486506295852
15317.400000000052,0.013594757274796879
15332.099999999948,0.013269223968173344
15346.800000000323,0.013312334126867933
15361.5,0.013504189055644364
15376.199999999677,0.013518003952618022
15390.900000000049,0.012971123568316121
15405.599999999951,0.01334908024967523
15420.300000000323,0.012806801556986904
15435.0,0.012754391395546096
15449.699999999673,0.012974970775897354
15464.400000000047,0.01322617604280261
15479.099999999953,0.01336858039172007
15493.800000000327,0.013886470866693978
15508.5,0.014499391194934786
15523.199999999673,0.014479803670045486
15537.900000000038,0.01363612096258151
15552.599999999962,0.014034467703809003
15567.300000000329,0.013498912610641256
15582.0,0.012784000314802414
15596.699999999671,0.013735847950094826
15611.400000000032,0.01394768728437395
15626.099999999971,0.013830462298415535
15640.800000000329,0.013715572781273846
15655.5,0.014208911968555204
15670.199999999671,0.014405996140130167
15684.900000000027,0.01437195057097072
15699.599999999973,0.014565919709270982
15714.300000000329,0.014554686181795309
15729.0,0.014932618301552533
15743.699999999668,0.014860957474611605
15758.40000000002,0.01532462533986854
15773.09999999998,0.016497896014497113
15787.800000000332,0.018557703209713207
15802.5,0.017579734360219288
15817.199999999668,0.016755801842075632
15831.900000000018,0.016294004966322925
15846.599999999982,0.01509959985742394
15861.300000000332,0.014814723561709871
15876.0,0.014671784199061793
15890.699999999662,0.014438753629242587
15905.400000000012,0.014339172606555687
15920.099999999988,0.014332258085246703
15934.800000000338,0.013437105875695434
15949.5,0.013459306272540144
15964.199999999662,0.013142798878695924
15978.900000000009,0.013120547384211315
15993.599999999995,0.013030436462065313
16008.300000000338,0.013469853378607916
16023.0,0.013713338835330019
16037.699999999659,0.01346260252924406
16052.400000000003,0.012937712453426209
16067.099999999997,0.013040543569674126
16081.800000000341,0.01415109421732707
16096.5,0.014151493804490175
16111.199999999659,0.013627382559543915
16125.9,0.01362766395171113
16140.600000000006,0.013151400392932593
16155.300000000343,0.013200304679369603
16170.0,0.012522309793475605
16184.699999999657,0.01308495605029553
16199.39999999999,0.012581615146711845
16214.10000000001,0.013027378240292129
16228.800000000343,0.013469153547172704
16243.5,0.013595368918763315
16258.199999999657,0.013262131858821599
16272.899999999983,0.01357887495612524
16287.600000000017,0.013770487329557376
16302.300000000349,0.01345948980754261
16317.0,0.01340266975966887
16331.699999999651,0.013101760780940622
16346.399999999976,0.013500834033491444
16361.100000000024,0.013310120024254959
16375.800000000349,0.013024043893461726
16390.5,0.013219401270829694
16405.199999999655,0.012841759026100916
16419.899999999976,0.012910639319760836
16434.600000000024,0.013354942092069028
16449.300000000356,0.013528403194741051
16464.0,0.013733786497153542
16478.699999999644,0.013834789473313583
16493.399999999972,0.01447331471513521
16508.100000000028,0.013800945620041805
16522.800000000356,0.01382322730174162
16537.5,0.013463029611497757
16552.199999999644,0.013290659320386481
16566.899999999965,0.013260153665771785
16581.600000000035,0.013397253595821706
16596.300000000356,0.01377976191316466
16611.0,0.014094500233244572
16625.699999999644,0.013787997427914585
16640.399999999958,0.013790521114523831
16655.100000000035,0.0137158302681572
16669.800000000356,0.013859600577540881
16684.5,0.013477544802148442
16699.19999999964,0.013480919470775366
16713.899999999954,0.013773788518739852
16728.600000000046,0.01365420147832297
16743.30000000036,0.013930308154265287
16758.0,0.013719663887727001
16772.69999999964,0.013237227386901673
16787.399999999947,0.013240169482814267
16802.100000000053,0.013409610546828321
16816.80000000036,0.01311716787575393
16831.5,0.013668573776647685
16846.19999999964,0.012689589472827788
16860.899999999943,0.013213494365043044
16875.600000000057,0.012782066510233702
16890.30000000036,0.012668126049676643
16905.0,0.01171757617674484
16919.69999999964,0.011489781916848199
16934.39999999994,0.01191929000161408
16949.10000000006,0.01243884412227935
16963.80000000036,0.012354314172711831
16978.5,0.012246869476204852
16993.199999999633,0.012877391061335359
17007.899999999932,0.012619703833067649
17022.600000000068,0.012885486554375242
17037.300000000367,0.011990152909237821
17052.0,0.01202828108927578
17066.699999999633,0.012473157715010752
17081.39999999993,0.012533904027257231
17096.10000000007,0.012410114331273614
17110.800000000367,0.012133784443392224
17125.5,0.011996478009145436
17140.199999999633,0.01226592118890221
17154.89999999993,0.012748444841130155
17169.60000000007,0.012423857146659157
17184.300000000367,0.01227042131339673
17199.0,0.013073198973191591
17213.699999999633,0.012978644188650032
17228.39999999992,0.012475016553168636
17243.100000000082,0.012196310883536884
17257.800000000367,0.013023523317358048
17272.5,0.013036394520047432
17287.199999999626,0.012596244607642021
17301.899999999914,0.01271813399592002
17316.600000000086,0.011958181841634686
17331.300000000374,0.011940818555048631
17346.0,0.011904074714393245
17360.699999999626,0.01174761113252705
17375.39999999991,0.011994618363877656
17390.10000000009,0.012390942650520155
17404.800000000374,0.01163922354128547
17419.5,0.011731835442237075
17434.199999999626,0.0117162736391642
17448.899999999903,0.011765036112453785
17463.600000000097,0.012139192916764071
17478.300000000374,0.012805663701609215
17493.0,0.012937425616732529
17507.699999999626,0.012956787268076387
17522.3999999999,0.0128247328771664
17537.1000000001,0.012294494581245015
17551.800000000374,0.012170296423422263
17566.5,0.01194519230017627
17581.199999999626,0.01187791529315441
17595.8999999999,0.012013015345410874
17610.600000000104,0.012405382698496116
17625.300000000374,0.013124158756529869
17640.0,0.012822670727670769
17654.699999999626,0.01274863489268965
17669.399999999892,0.012732837487128723
17684.10000000011,0.013022070338155427
17698.800000000374,0.013271162223745508
17713.5,0.013323998295675604
17728.199999999626,0.01354727330568678
17742.899999999885,0.014037361093100767
17757.600000000115,0.014014882465995726
17772.300000000378,0.0144908014910318
17787.0,0.013559938009448377
17801.699999999622,0.013434350996712049
17816.399999999885,0.01330850524869528
17831.100000000122,0.01283964372092684
17845.800000000374,0.013170337525952761
17860.5,0.012580282463876113
17875.199999999626,0.012561760659770068
17889.899999999878,0.01218130610449018
17904.600000000122,0.012430795083629865
17919.300000000374,0.012134543303969226
17934.0,0.01119530137731806
17948.699999999626,0.011323994982591604
17963.399999999874,0.01085981246068741
17978.100000000126,0.01143242253770047
17992.800000000374,0.01113875129166359
18007.5,0.011085285247302824
18022.199999999626,0.01110293792471112
18036.89999999987,0.011309282997324224
18051.60000000013,0.01147351767156941
18066.30000000038,0.011388579767059506
18081.0,0.010987648895378607
18095.69999999962,0.011878087874407282
18110.399999999867,0.01189807220828103
18125.100000000137,0.01122007000785863
18139.800000000378,0.011649508094619562
18154.5,0.01161844766216979
18169.199999999622,0.01179216137421299
18183.89999999986,0.01201432372129301
18198.60000000014,0.011905414150683568
18213.300000000378,0.01149492698855399
18228.0,0.0114356534335934
18242.69999999962,0.012167938624483631
18257.399999999856,0.012473914184703346
18272.100000000144,0.012122086872319296
18286.80000000038,0.01162654316993678
18301.5,0.012149615521517776
18316.19999999962,0.0123386295716565
18330.899999999856,0.01305534741848662
18345.60000000015,0.012516942281728189
18360.300000000378,0.012071311523193474
18375.0,0.011902735589071357
18389.699999999622,0.012046854609442829
18404.39999999985,0.011971427158400159
18419.100000000155,0.012101164311534506
18433.800000000378,0.011780792663245635
18448.5,0.012144681909226095
18463.19999999962,0.0122875177765603
18477.89999999984,0.01295737318929297
18492.60000000016,0.012967984468216523
18507.30000000038,0.012101713618574497
18522.0,0.011416681250815538
18536.69999999962,0.011476535344653425
18551.39999999984,0.01104782729990059
18566.10000000016,0.011434273778609755
18580.80000000038,0.01134461552935257
18595.5,0.011493536148766166
18610.19999999962,0.010808393968809409
18624.89999999984,0.01117834161325157
18639.60000000016,0.011532488818329245
18654.30000000038,0.011833355862082931
18669.0,0.012373379093684005
18683.69999999962,0.012526415193817938
18698.39999999983,0.0121533855569072
18713.10000000017,0.011959306264139817
18727.80000000038,0.0121019405962619
18742.5,0.012004978317019676
18757.19999999962,0.01253474782057853
18771.899999999827,0.01292517222336545
18786.600000000173,0.013044324697024615
18801.30000000038,0.012578964697885414
18816.0,0.012472078979972514
18830.699999999615,0.013002113977625546
18845.399999999823,0.013000287299135205
18860.100000000177,0.012692054886724466
18874.80000000038,0.012504710953022765
18889.5,0.01205687322651881
18904.199999999615,0.012062073725968816
18918.89999999982,0.011519125677719639
18933.60000000018,0.011530002506929045
18948.30000000039,0.012015871576894372
18963.0,0.0118936346230858
18977.69999999961,0.011798434064643818
18992.399999999812,0.011120796247894079
19007.100000000188,0.011299210539940579
19021.80000000039,0.011239772543313296
19036.5,0.010593445325308285
19051.19999999961,0.01043858754973514
19065.899999999812,0.01065004749411325
19080.600000000188,0.01004453159534781
19095.30000000039,0.010363390160399425
19110.0,0.011156992488360966
19124.69999999961,0.01183244935264822
19139.39999999981,0.01160957536308435
19154.10000000019,0.011313724333322277
19168.80000000039,0.01180854169462594
19183.5,0.010940374184868146
19198.19999999961,0.010680667460442958
19212.899999999805,0.011017897219515928
19227.6000000002,0.010928977234070913
19242.30000000039,0.01069528035914514
19257.0,0.010646913471651084
19271.69999999961,0.01072503304286301
19286.3999999998,0.010844947162225099
19301.1000000002,0.010581003442158347
19315.80000000039,0.010428876165781885
19330.5,0.011239219884243144
19345.199999999604,0.011363808029514741
19359.899999999798,0.010900922115853572
19374.600000000206,0.010659130391579825
19389.30000000039,0.010849827923180264
19404.0,0.01053907823278084
19418.699999999604,0.01034118502894263
19433.399999999794,0.010037602578640628
19448.100000000206,0.011183811560211407
19462.80000000039,0.011117092261137279
19477.5,0.01079001750697843
19492.199999999604,0.010830004974816714
19506.899999999794,0.01119615967425521
19521.600000000217,0.011409490386710101
19536.300000000396,0.011537623808056934
19551.0,0.011283440194138915
19565.699999999608,0.01072582437810311
19580.399999999783,0.010581417541861765
19595.100000000217,0.010773570942208594
19609.800000000396,0.010845711737306574
19624.5,0.010455757070408104
19639.199999999608,0.010492323068969125
19653.899999999783,0.010805865462130327
19668.60000000022,0.011102992349480745
19683.300000000396,0.011443332622071275
19698.0,0.011311196845671759
19712.699999999604,0.010687888909103004
19727.39999999978,0.01070535362182461
19742.10000000022,0.01108491125953597
19756.800000000396,0.011099349968455744
19771.5,0.01125108187682839
19786.199999999604,0.01104987235389996
19800.89999999978,0.010731508276770852
19815.60000000023,0.010798519297687057
19830.300000000396,0.01084782964263375
19845.0,0.011018492074567864
19859.699999999604,0.011122768360146449
19874.39999999977,0.011523315365115605
19889.10000000023,0.01186497203987028
19903.8000000004,0.01139578808716864
19918.5,0.011320700802792846
19933.199999999604,0.01139571595869218
19947.89999999977,0.01100102872095227
19962.600000000235,0.011122527258985323
19977.300000000396,0.010865404216953995
19992.0,0.012125312498244455
20006.699999999604,0.0114193875379824
20021.39999999976,0.010869744384648565
20036.10000000024,0.010757011561030667
20050.800000000396,0.01072692274045631
20065.5,0.010857679314639414
20080.199999999597,0.010403491721379445
20094.899999999758,0.010394905653502392
20109.600000000242,0.010254850647960544
20124.300000000403,0.010491403327105155
20139.0,0.01024214762585228
20153.6999999996,0.010475635505875495
20168.399999999754,0.010612127615110547
20183.100000000246,0.010311832242633465
20197.800000000403,0.010416479369905956
20212.5,0.010811251661469474
20227.1999999996,0.010273674966742294
20241.89999999975,0.01034660332768106
20256.60000000025,0.010067403381719086
20271.300000000403,0.010058436213181154
20286.0,0.010060609197816919
20300.699999999597,0.01054555816787244
20315.399999999747,0.009957840079479424
20330.100000000253,0.00954952094405124
20344.8000000004,0.010020415002172527
20359.5,0.009793273335144926
20374.1999999996,0.009861225134207839
20388.899999999743,0.010134261498185715
20403.60000000026,0.010026801531702328
20418.3000000004,0.01025598249379028
20433.0,0.01001715321282019
20447.6999999996,0.010118794707056091
20462.39999999974,0.010237244499656456
20477.10000000026,0.009829597762163897
20491.8000000004,0.0097382123005671
20506.5,0.009508219289954743
20521.1999999996,0.00961291087377187
20535.89999999974,0.009606198544764178
20550.60000000026,0.00925876280658121
20565.300000000403,0.009742571305786426
20580.0,0.009608713811871745
20594.6999999996,0.009554128250329096
20609.399999999736,0.009682137562647445
20624.100000000264,0.009297306073114981
20638.800000000403,0.010034920038160556
20653.5,0.009578128878123725
20668.1999999996,0.009693010964823456
20682.89999999973,0.00950753721737905
20697.600000000275,0.010130902639705012
20712.300000000403,0.00980959728090138
20727.0,0.0099563011164918
20741.699999999597,0.01001247908013298
20756.399999999725,0.00976323419804953
20771.100000000275,0.01056574140971843
20785.800000000403,0.009607250968058981
20800.5,0.009064789972251065
20815.199999999597,0.009206926373727421
20829.89999999972,0.008953138035932347
20844.600000000282,0.00897503143070502
20859.300000000403,0.009576400498435084
20874.0,0.00869399012333822
20888.699999999597,0.008484762784639395
20903.399999999718,0.00796146345062412
20918.100000000282,0.00765140742720159
20932.800000000403,0.007505797899119701
20947.5,0.007515225572240329
20962.199999999597,0.007274582833616361
20976.899999999714,0.006907579174474101
20991.60000000029,0.0069114646505077345
21006.300000000403,0.006543621498536425
21021.0,0.00629275988408219
21035.699999999597,0.00643588191655893
21050.39999999971,0.00630776037095182
21065.10000000029,0.006062209359667124
21079.800000000403,0.006221366943507901
21094.5,0.0059892103043376
21109.199999999597,0.00571901996273815
21123.89999999971,0.0051495318077228605
21138.600000000297,0.00488281719545244
21153.300000000403,0.004857720211383165
21168.0,0.00476265210026113
21182.699999999597,0.0042416570678336495
21197.399999999703,0.003882694893348125
21212.100000000297,0.0036586617211667753
21226.800000000403,0.0034859310789525206
21241.5,0.0033007155107823696
21256.199999999597,0.00300598363063852
21270.899999999696,0.00279591668723421
21285.600000000304,0.0026565730824003398
21300.300000000403,0.0027464262212674104
21315.0,0.00239238982057524
21329.699999999597,0.002140632103214115
21344.399999999696,0.0019364053682976098
21359.100000000304,0.0018382197089306753
21373.800000000403,0.00175490552993007
21388.5,0.0016683306414985548
21403.199999999597,0.001520976868069695
21417.899999999696,0.0014686154544719051
21432.600000000308,0.00139501431646518
21447.300000000407,0.0013590542310445652
21462.0,0.0012732317019876
21476.699999999597,0.0012363678970627049
21491.39999999969,0.0011567980862969252
21506.10000000031,0.0011073486670455251
21520.800000000407,0.0010407252379048553
21535.5,0.0010015483853953952
21550.199999999597,0.000979125594526175
21564.899999999685,0.00095697147083992
21579.600000000315,0.0009426919950038049
21594.300000000403,0.000918736241787865
21609.0,0.000909084501411335
21623.69999999959,0.00089652084934654
21638.399999999685,0.0008846082898375
21653.10000000032,0.0008778738363473751
21667.80000000041,0.0008698137786420701
21682.5,0.0008640228832773348
21697.19999999959,0.0008589705766586349
21711.899999999674,0.0008546834698622798
21726.600000000322,0.00085222017687909
21741.30000000041,0.0008498616906394401
21756.0,0.000846865243541665
21770.69999999959,0.00084445314057334
21785.399999999674,0.0008429772205554902
21800.100000000326,0.000840956800170635
21814.80000000041,0.0008391103708168451
21829.5,0.000837563085226325
21844.19999999959,0.00083607994723515
21858.899999999667,0.0008348925020330051
21873.600000000333,0.0008336996316220049
21888.30000000041,0.000832621077400225
21903.0,0.000831637441576695
21917.69999999959,0.00083070500315126
21932.399999999663,0.000829892197265035
21947.100000000337,0.000829150390696815
21961.80000000041,0.000828506416721275
21976.5,0.000827944562178075
21991.19999999959,0.00082747612043431
22005.89999999966,0.0008270989258937249
22020.60000000034,0.0008268183276493801
22035.30000000041,0.0008266388970860101
22050.0,0.000826572948024485
